<?xml version="1.0" encoding="UTF-8" ?>
<!DOCTYPE mapper PUBLIC "-//mybatis.org//DTD Mapper 3.0//EN" "http://mybatis.org/dtd/mybatis-3-mapper.dtd" >
<mapper namespace="Demo.mapper.CourseMapper" >
  <resultMap id="BaseResultMap" type="Demo.model.Course" >
    <!--
      WARNING - @mbggenerated
      This element is automatically generated by MyBatis Generator, do not modify.
      This element was generated on Sun Aug 04 16:28:14 CST 2019.
    -->
    <id column="id" property="id" jdbcType="INTEGER" />
    <result column="course_name" property="courseName" jdbcType="VARCHAR" />
    <result column="course_time" property="courseTime" jdbcType="VARCHAR" />
    <result column="course_price" property="coursePrice" jdbcType="DECIMAL" />
    <result column="course_address" property="courseAddress" jdbcType="VARCHAR" />
    <result column="teacher_name" property="teacherName" jdbcType="VARCHAR" />
    <result column="expected_startdate" property="expectedStartdate" jdbcType="TIMESTAMP" />
    <result column="expected_enddate" property="expectedEnddate" jdbcType="TIMESTAMP" />
  </resultMap>
  <sql id="Example_Where_Clause" >
    <!--
      WARNING - @mbggenerated
      This element is automatically generated by MyBatis Generator, do not modify.
      This element was generated on Sun Aug 04 16:28:14 CST 2019.
    -->
    <where >
      <foreach collection="oredCriteria" item="criteria" separator="or" >
        <if test="criteria.valid" >
          <trim prefix="(" suffix=")" prefixOverrides="and" >
            <foreach collection="criteria.criteria" item="criterion" >
              <choose >
                <when test="criterion.noValue" >
                  and ${criterion.condition}
                </when>
                <when test="criterion.singleValue" >
                  and ${criterion.condition} #{criterion.value}
                </when>
                <when test="criterion.betweenValue" >
                  and ${criterion.condition} #{criterion.value} and #{criterion.secondValue}
                </when>
                <when test="criterion.listValue" >
                  and ${criterion.condition}
                  <foreach collection="criterion.value" item="listItem" open="(" close=")" separator="," >
                    #{listItem}
                  </foreach>
                </when>
              </choose>
            </foreach>
          </trim>
        </if>
      </foreach>
    </where>
  </sql>
  <sql id="Update_By_Example_Where_Clause" >
    <!--
      WARNING - @mbggenerated
      This element is automatically generated by MyBatis Generator, do not modify.
      This element was generated on Sun Aug 04 16:28:14 CST 2019.
    -->
    <where >
      <foreach collection="example.oredCriteria" item="criteria" separator="or" >
        <if test="criteria.valid" >
          <trim prefix="(" suffix=")" prefixOverrides="and" >
            <foreach collection="criteria.criteria" item="criterion" >
              <choose >
                <when test="criterion.noValue" >
                  and ${criterion.condition}
                </when>
                <when test="criterion.singleValue" >
                  and ${criterion.condition} #{criterion.value}
                </when>
                <when test="criterion.betweenValue" >
                  and ${criterion.condition} #{criterion.value} and #{criterion.secondValue}
                </when>
                <when test="criterion.listValue" >
                  and ${criterion.condition}
                  <foreach collection="criterion.value" item="listItem" open="(" close=")" separator="," >
                    #{listItem}
                  </foreach>
                </when>
              </choose>
            </foreach>
          </trim>
        </if>
      </foreach>
    </where>
  </sql>
  <sql id="Base_Column_List" >
    <!--
      WARNING - @mbggenerated
      This element is automatically generated by MyBatis Generator, do not modify.
      This element was generated on Sun Aug 04 16:28:14 CST 2019.
    -->
    id, course_name, course_time, course_price, course_address, teacher_name, expected_startdate, 
    expected_enddate
  </sql>
  <select id="selectByExample" resultMap="BaseResultMap" parameterType="Demo.model.CourseExample" >
    <!--
      WARNING - @mbggenerated
      This element is automatically generated by MyBatis Generator, do not modify.
      This element was generated on Sun Aug 04 16:28:14 CST 2019.
    -->
    select
    <if test="distinct" >
      distinct
    </if>
    <include refid="Base_Column_List" />
    from t_course
    <if test="_parameter != null" >
      <include refid="Example_Where_Clause" />
    </if>
    <if test="orderByClause != null" >
      order by ${orderByClause}
    </if>
  </select>
  <select id="selectByPrimaryKey" resultMap="BaseResultMap" parameterType="java.lang.Integer" >
    <!--
      WARNING - @mbggenerated
      This element is automatically generated by MyBatis Generator, do not modify.
      This element was generated on Sun Aug 04 16:28:14 CST 2019.
    -->
    select 
    <include refid="Base_Column_List" />
    from t_course
    where id = #{id,jdbcType=INTEGER}
  </select>
  <delete id="deleteByPrimaryKey" parameterType="java.lang.Integer" >
    <!--
      WARNING - @mbggenerated
      This element is automatically generated by MyBatis Generator, do not modify.
      This element was generated on Sun Aug 04 16:28:14 CST 2019.
    -->
    delete from t_course
    where id = #{id,jdbcType=INTEGER}
  </delete>
  <delete id="deleteByExample" parameterType="Demo.model.CourseExample" >
    <!--
      WARNING - @mbggenerated
      This element is automatically generated by MyBatis Generator, do not modify.
      This element was generated on Sun Aug 04 16:28:14 CST 2019.
    -->
    delete from t_course
    <if test="_parameter != null" >
      <include refid="Example_Where_Clause" />
    </if>
  </delete>
  <insert id="insert" parameterType="Demo.model.Course" >
    <!--
      WARNING - @mbggenerated
      This element is automatically generated by MyBatis Generator, do not modify.
      This element was generated on Sun Aug 04 16:28:14 CST 2019.
    -->
    insert into t_course (id, course_name, course_time, 
      course_price, course_address, teacher_name, 
      expected_startdate, expected_enddate)
    values (#{id,jdbcType=INTEGER}, #{courseName,jdbcType=VARCHAR}, #{courseTime,jdbcType=VARCHAR}, 
      #{coursePrice,jdbcType=DECIMAL}, #{courseAddress,jdbcType=VARCHAR}, #{teacherName,jdbcType=VARCHAR}, 
      #{expectedStartdate,jdbcType=TIMESTAMP}, #{expectedEnddate,jdbcType=TIMESTAMP})
  </insert>
  <insert id="insertSelective" parameterType="Demo.model.Course" >
    <!--
      WARNING - @mbggenerated
      This element is automatically generated by MyBatis Generator, do not modify.
      This element was generated on Sun Aug 04 16:28:14 CST 2019.
    -->
    insert into t_course
    <trim prefix="(" suffix=")" suffixOverrides="," >
      <if test="id != null" >
        id,
      </if>
      <if test="courseName != null" >
        course_name,
      </if>
      <if test="courseTime != null" >
        course_time,
      </if>
      <if test="coursePrice != null" >
        course_price,
      </if>
      <if test="courseAddress != null" >
        course_address,
      </if>
      <if test="teacherName != null" >
        teacher_name,
      </if>
      <if test="expectedStartdate != null" >
        expected_startdate,
      </if>
      <if test="expectedEnddate != null" >
        expected_enddate,
      </if>
    </trim>
    <trim prefix="values (" suffix=")" suffixOverrides="," >
      <if test="id != null" >
        #{id,jdbcType=INTEGER},
      </if>
      <if test="courseName != null" >
        #{courseName,jdbcType=VARCHAR},
      </if>
      <if test="courseTime != null" >
        #{courseTime,jdbcType=VARCHAR},
      </if>
      <if test="coursePrice != null" >
        #{coursePrice,jdbcType=DECIMAL},
      </if>
      <if test="courseAddress != null" >
        #{courseAddress,jdbcType=VARCHAR},
      </if>
      <if test="teacherName != null" >
        #{teacherName,jdbcType=VARCHAR},
      </if>
      <if test="expectedStartdate != null" >
        #{expectedStartdate,jdbcType=TIMESTAMP},
      </if>
      <if test="expectedEnddate != null" >
        #{expectedEnddate,jdbcType=TIMESTAMP},
      </if>
    </trim>
  </insert>
  <select id="countByExample" parameterType="Demo.model.CourseExample" resultType="java.lang.Integer" >
    <!--
      WARNING - @mbggenerated
      This element is automatically generated by MyBatis Generator, do not modify.
      This element was generated on Sun Aug 04 16:28:14 CST 2019.
    -->
    select count(*) from t_course
    <if test="_parameter != null" >
      <include refid="Example_Where_Clause" />
    </if>
  </select>
  <update id="updateByExampleSelective" parameterType="map" >
    <!--
      WARNING - @mbggenerated
      This element is automatically generated by MyBatis Generator, do not modify.
      This element was generated on Sun Aug 04 16:28:14 CST 2019.
    -->
    update t_course
    <set >
      <if test="record.id != null" >
        id = #{record.id,jdbcType=INTEGER},
      </if>
      <if test="record.courseName != null" >
        course_name = #{record.courseName,jdbcType=VARCHAR},
      </if>
      <if test="record.courseTime != null" >
        course_time = #{record.courseTime,jdbcType=VARCHAR},
      </if>
      <if test="record.coursePrice != null" >
        course_price = #{record.coursePrice,jdbcType=DECIMAL},
      </if>
      <if test="record.courseAddress != null" >
        course_address = #{record.courseAddress,jdbcType=VARCHAR},
      </if>
      <if test="record.teacherName != null" >
        teacher_name = #{record.teacherName,jdbcType=VARCHAR},
      </if>
      <if test="record.expectedStartdate != null" >
        expected_startdate = #{record.expectedStartdate,jdbcType=TIMESTAMP},
      </if>
      <if test="record.expectedEnddate != null" >
        expected_enddate = #{record.expectedEnddate,jdbcType=TIMESTAMP},
      </if>
    </set>
    <if test="_parameter != null" >
      <include refid="Update_By_Example_Where_Clause" />
    </if>
  </update>
  <update id="updateByExample" parameterType="map" >
    <!--
      WARNING - @mbggenerated
      This element is automatically generated by MyBatis Generator, do not modify.
      This element was generated on Sun Aug 04 16:28:14 CST 2019.
    -->
    update t_course
    set id = #{record.id,jdbcType=INTEGER},
      course_name = #{record.courseName,jdbcType=VARCHAR},
      course_time = #{record.courseTime,jdbcType=VARCHAR},
      course_price = #{record.coursePrice,jdbcType=DECIMAL},
      course_address = #{record.courseAddress,jdbcType=VARCHAR},
      teacher_name = #{record.teacherName,jdbcType=VARCHAR},
      expected_startdate = #{record.expectedStartdate,jdbcType=TIMESTAMP},
      expected_enddate = #{record.expectedEnddate,jdbcType=TIMESTAMP}
    <if test="_parameter != null" >
      <include refid="Update_By_Example_Where_Clause" />
    </if>
  </update>
  <update id="updateByPrimaryKeySelective" parameterType="Demo.model.Course" >
    <!--
      WARNING - @mbggenerated
      This element is automatically generated by MyBatis Generator, do not modify.
      This element was generated on Sun Aug 04 16:28:14 CST 2019.
    -->
    update t_course
    <set >
      <if test="courseName != null" >
        course_name = #{courseName,jdbcType=VARCHAR},
      </if>
      <if test="courseTime != null" >
        course_time = #{courseTime,jdbcType=VARCHAR},
      </if>
      <if test="coursePrice != null" >
        course_price = #{coursePrice,jdbcType=DECIMAL},
      </if>
      <if test="courseAddress != null" >
        course_address = #{courseAddress,jdbcType=VARCHAR},
      </if>
      <if test="teacherName != null" >
        teacher_name = #{teacherName,jdbcType=VARCHAR},
      </if>
      <if test="expectedStartdate != null" >
        expected_startdate = #{expectedStartdate,jdbcType=TIMESTAMP},
      </if>
      <if test="expectedEnddate != null" >
        expected_enddate = #{expectedEnddate,jdbcType=TIMESTAMP},
      </if>
    </set>
    where id = #{id,jdbcType=INTEGER}
  </update>
  <update id="updateByPrimaryKey" parameterType="Demo.model.Course" >
    <!--
      WARNING - @mbggenerated
      This element is automatically generated by MyBatis Generator, do not modify.
      This element was generated on Sun Aug 04 16:28:14 CST 2019.
    -->
    update t_course
    set course_name = #{courseName,jdbcType=VARCHAR},
      course_time = #{courseTime,jdbcType=VARCHAR},
      course_price = #{coursePrice,jdbcType=DECIMAL},
      course_address = #{courseAddress,jdbcType=VARCHAR},
      teacher_name = #{teacherName,jdbcType=VARCHAR},
      expected_startdate = #{expectedStartdate,jdbcType=TIMESTAMP},
      expected_enddate = #{expectedEnddate,jdbcType=TIMESTAMP}
    where id = #{id,jdbcType=INTEGER}
  </update>
</mapper>