<?xml version="1.0" encoding="UTF-8" ?>
<!DOCTYPE mapper PUBLIC "-//mybatis.org//DTD Mapper 3.0//EN" "http://mybatis.org/dtd/mybatis-3-mapper.dtd" >
<mapper namespace="Demo.mapper.EmployeeMapper" >
  <resultMap id="BaseResultMap" type="Demo.model.Employee" >
    <!--
      WARNING - @mbggenerated
      This element is automatically generated by MyBatis Generator, do not modify.
      This element was generated on Sun Aug 04 16:28:14 CST 2019.
    -->
    <id column="id" property="id" jdbcType="INTEGER" />
    <result column="chinese_name" property="chineseName" jdbcType="VARCHAR" />
    <result column="english_name" property="englishName" jdbcType="VARCHAR" />
    <result column="joined_date" property="joinedDate" jdbcType="TIMESTAMP" />
    <result column="salary" property="salary" jdbcType="DECIMAL" />
    <result column="position_level" property="positionLevel" jdbcType="INTEGER" />
    <result column="department_id" property="departmentId" jdbcType="VARCHAR" />
    <result column="deltag" property="deltag" jdbcType="CHAR" />
    <result column="leave_date" property="leaveDate" jdbcType="TIMESTAMP" />
  </resultMap>
  <sql id="Example_Where_Clause" >
    <!--
      WARNING - @mbggenerated
      This element is automatically generated by MyBatis Generator, do not modify.
      This element was generated on Sun Aug 04 16:28:14 CST 2019.
    -->
    <where >
      <foreach collection="oredCriteria" item="criteria" separator="or" >
        <if test="criteria.valid" >
          <trim prefix="(" suffix=")" prefixOverrides="and" >
            <foreach collection="criteria.criteria" item="criterion" >
              <choose >
                <when test="criterion.noValue" >
                  and ${criterion.condition}
                </when>
                <when test="criterion.singleValue" >
                  and ${criterion.condition} #{criterion.value}
                </when>
                <when test="criterion.betweenValue" >
                  and ${criterion.condition} #{criterion.value} and #{criterion.secondValue}
                </when>
                <when test="criterion.listValue" >
                  and ${criterion.condition}
                  <foreach collection="criterion.value" item="listItem" open="(" close=")" separator="," >
                    #{listItem}
                  </foreach>
                </when>
              </choose>
            </foreach>
          </trim>
        </if>
      </foreach>
    </where>
  </sql>
  <sql id="Update_By_Example_Where_Clause" >
    <!--
      WARNING - @mbggenerated
      This element is automatically generated by MyBatis Generator, do not modify.
      This element was generated on Sun Aug 04 16:28:14 CST 2019.
    -->
    <where >
      <foreach collection="example.oredCriteria" item="criteria" separator="or" >
        <if test="criteria.valid" >
          <trim prefix="(" suffix=")" prefixOverrides="and" >
            <foreach collection="criteria.criteria" item="criterion" >
              <choose >
                <when test="criterion.noValue" >
                  and ${criterion.condition}
                </when>
                <when test="criterion.singleValue" >
                  and ${criterion.condition} #{criterion.value}
                </when>
                <when test="criterion.betweenValue" >
                  and ${criterion.condition} #{criterion.value} and #{criterion.secondValue}
                </when>
                <when test="criterion.listValue" >
                  and ${criterion.condition}
                  <foreach collection="criterion.value" item="listItem" open="(" close=")" separator="," >
                    #{listItem}
                  </foreach>
                </when>
              </choose>
            </foreach>
          </trim>
        </if>
      </foreach>
    </where>
  </sql>
  <sql id="Base_Column_List" >
    <!--
      WARNING - @mbggenerated
      This element is automatically generated by MyBatis Generator, do not modify.
      This element was generated on Sun Aug 04 16:28:14 CST 2019.
    -->
    id, chinese_name, english_name, joined_date, salary, position_level, department_id, 
    deltag, leave_date
  </sql>
  <select id="selectByExample" resultMap="BaseResultMap" parameterType="Demo.model.EmployeeExample" >
    <!--
      WARNING - @mbggenerated
      This element is automatically generated by MyBatis Generator, do not modify.
      This element was generated on Sun Aug 04 16:28:14 CST 2019.
    -->
    select
    <if test="distinct" >
      distinct
    </if>
    <include refid="Base_Column_List" />
    from t_employee
    <if test="_parameter != null" >
      <include refid="Example_Where_Clause" />
    </if>
    <if test="orderByClause != null" >
      order by ${orderByClause}
    </if>
  </select>
  <select id="selectByPrimaryKey" resultMap="BaseResultMap" parameterType="java.lang.Integer" >
    <!--
      WARNING - @mbggenerated
      This element is automatically generated by MyBatis Generator, do not modify.
      This element was generated on Sun Aug 04 16:28:14 CST 2019.
    -->
    select 
    <include refid="Base_Column_List" />
    from t_employee
    where id = #{id,jdbcType=INTEGER}
  </select>
  <delete id="deleteByPrimaryKey" parameterType="java.lang.Integer" >
    <!--
      WARNING - @mbggenerated
      This element is automatically generated by MyBatis Generator, do not modify.
      This element was generated on Sun Aug 04 16:28:14 CST 2019.
    -->
    delete from t_employee
    where id = #{id,jdbcType=INTEGER}
  </delete>
  <delete id="deleteByExample" parameterType="Demo.model.EmployeeExample" >
    <!--
      WARNING - @mbggenerated
      This element is automatically generated by MyBatis Generator, do not modify.
      This element was generated on Sun Aug 04 16:28:14 CST 2019.
    -->
    delete from t_employee
    <if test="_parameter != null" >
      <include refid="Example_Where_Clause" />
    </if>
  </delete>
  <insert id="insert" parameterType="Demo.model.Employee" >
    <!--
      WARNING - @mbggenerated
      This element is automatically generated by MyBatis Generator, do not modify.
      This element was generated on Sun Aug 04 16:28:14 CST 2019.
    -->
    insert into t_employee (id, chinese_name, english_name, 
      joined_date, salary, position_level, 
      department_id, deltag, leave_date
      )
    values (#{id,jdbcType=INTEGER}, #{chineseName,jdbcType=VARCHAR}, #{englishName,jdbcType=VARCHAR}, 
      #{joinedDate,jdbcType=TIMESTAMP}, #{salary,jdbcType=DECIMAL}, #{positionLevel,jdbcType=INTEGER}, 
      #{departmentId,jdbcType=VARCHAR}, #{deltag,jdbcType=CHAR}, #{leaveDate,jdbcType=TIMESTAMP}
      )
  </insert>
  <insert id="insertSelective" parameterType="Demo.model.Employee" >
    <!--
      WARNING - @mbggenerated
      This element is automatically generated by MyBatis Generator, do not modify.
      This element was generated on Sun Aug 04 16:28:14 CST 2019.
    -->
    insert into t_employee
    <trim prefix="(" suffix=")" suffixOverrides="," >
      <if test="id != null" >
        id,
      </if>
      <if test="chineseName != null" >
        chinese_name,
      </if>
      <if test="englishName != null" >
        english_name,
      </if>
      <if test="joinedDate != null" >
        joined_date,
      </if>
      <if test="salary != null" >
        salary,
      </if>
      <if test="positionLevel != null" >
        position_level,
      </if>
      <if test="departmentId != null" >
        department_id,
      </if>
      <if test="deltag != null" >
        deltag,
      </if>
      <if test="leaveDate != null" >
        leave_date,
      </if>
    </trim>
    <trim prefix="values (" suffix=")" suffixOverrides="," >
      <if test="id != null" >
        #{id,jdbcType=INTEGER},
      </if>
      <if test="chineseName != null" >
        #{chineseName,jdbcType=VARCHAR},
      </if>
      <if test="englishName != null" >
        #{englishName,jdbcType=VARCHAR},
      </if>
      <if test="joinedDate != null" >
        #{joinedDate,jdbcType=TIMESTAMP},
      </if>
      <if test="salary != null" >
        #{salary,jdbcType=DECIMAL},
      </if>
      <if test="positionLevel != null" >
        #{positionLevel,jdbcType=INTEGER},
      </if>
      <if test="departmentId != null" >
        #{departmentId,jdbcType=VARCHAR},
      </if>
      <if test="deltag != null" >
        #{deltag,jdbcType=CHAR},
      </if>
      <if test="leaveDate != null" >
        #{leaveDate,jdbcType=TIMESTAMP},
      </if>
    </trim>
  </insert>
  <select id="countByExample" parameterType="Demo.model.EmployeeExample" resultType="java.lang.Integer" >
    <!--
      WARNING - @mbggenerated
      This element is automatically generated by MyBatis Generator, do not modify.
      This element was generated on Sun Aug 04 16:28:14 CST 2019.
    -->
    select count(*) from t_employee
    <if test="_parameter != null" >
      <include refid="Example_Where_Clause" />
    </if>
  </select>
  <update id="updateByExampleSelective" parameterType="map" >
    <!--
      WARNING - @mbggenerated
      This element is automatically generated by MyBatis Generator, do not modify.
      This element was generated on Sun Aug 04 16:28:14 CST 2019.
    -->
    update t_employee
    <set >
      <if test="record.id != null" >
        id = #{record.id,jdbcType=INTEGER},
      </if>
      <if test="record.chineseName != null" >
        chinese_name = #{record.chineseName,jdbcType=VARCHAR},
      </if>
      <if test="record.englishName != null" >
        english_name = #{record.englishName,jdbcType=VARCHAR},
      </if>
      <if test="record.joinedDate != null" >
        joined_date = #{record.joinedDate,jdbcType=TIMESTAMP},
      </if>
      <if test="record.salary != null" >
        salary = #{record.salary,jdbcType=DECIMAL},
      </if>
      <if test="record.positionLevel != null" >
        position_level = #{record.positionLevel,jdbcType=INTEGER},
      </if>
      <if test="record.departmentId != null" >
        department_id = #{record.departmentId,jdbcType=VARCHAR},
      </if>
      <if test="record.deltag != null" >
        deltag = #{record.deltag,jdbcType=CHAR},
      </if>
      <if test="record.leaveDate != null" >
        leave_date = #{record.leaveDate,jdbcType=TIMESTAMP},
      </if>
    </set>
    <if test="_parameter != null" >
      <include refid="Update_By_Example_Where_Clause" />
    </if>
  </update>
  <update id="updateByExample" parameterType="map" >
    <!--
      WARNING - @mbggenerated
      This element is automatically generated by MyBatis Generator, do not modify.
      This element was generated on Sun Aug 04 16:28:14 CST 2019.
    -->
    update t_employee
    set id = #{record.id,jdbcType=INTEGER},
      chinese_name = #{record.chineseName,jdbcType=VARCHAR},
      english_name = #{record.englishName,jdbcType=VARCHAR},
      joined_date = #{record.joinedDate,jdbcType=TIMESTAMP},
      salary = #{record.salary,jdbcType=DECIMAL},
      position_level = #{record.positionLevel,jdbcType=INTEGER},
      department_id = #{record.departmentId,jdbcType=VARCHAR},
      deltag = #{record.deltag,jdbcType=CHAR},
      leave_date = #{record.leaveDate,jdbcType=TIMESTAMP}
    <if test="_parameter != null" >
      <include refid="Update_By_Example_Where_Clause" />
    </if>
  </update>
  <update id="updateByPrimaryKeySelective" parameterType="Demo.model.Employee" >
    <!--
      WARNING - @mbggenerated
      This element is automatically generated by MyBatis Generator, do not modify.
      This element was generated on Sun Aug 04 16:28:14 CST 2019.
    -->
    update t_employee
    <set >
      <if test="chineseName != null" >
        chinese_name = #{chineseName,jdbcType=VARCHAR},
      </if>
      <if test="englishName != null" >
        english_name = #{englishName,jdbcType=VARCHAR},
      </if>
      <if test="joinedDate != null" >
        joined_date = #{joinedDate,jdbcType=TIMESTAMP},
      </if>
      <if test="salary != null" >
        salary = #{salary,jdbcType=DECIMAL},
      </if>
      <if test="positionLevel != null" >
        position_level = #{positionLevel,jdbcType=INTEGER},
      </if>
      <if test="departmentId != null" >
        department_id = #{departmentId,jdbcType=VARCHAR},
      </if>
      <if test="deltag != null" >
        deltag = #{deltag,jdbcType=CHAR},
      </if>
      <if test="leaveDate != null" >
        leave_date = #{leaveDate,jdbcType=TIMESTAMP},
      </if>
    </set>
    where id = #{id,jdbcType=INTEGER}
  </update>
  <update id="updateByPrimaryKey" parameterType="Demo.model.Employee" >
    <!--
      WARNING - @mbggenerated
      This element is automatically generated by MyBatis Generator, do not modify.
      This element was generated on Sun Aug 04 16:28:14 CST 2019.
    -->
    update t_employee
    set chinese_name = #{chineseName,jdbcType=VARCHAR},
      english_name = #{englishName,jdbcType=VARCHAR},
      joined_date = #{joinedDate,jdbcType=TIMESTAMP},
      salary = #{salary,jdbcType=DECIMAL},
      position_level = #{positionLevel,jdbcType=INTEGER},
      department_id = #{departmentId,jdbcType=VARCHAR},
      deltag = #{deltag,jdbcType=CHAR},
      leave_date = #{leaveDate,jdbcType=TIMESTAMP}
    where id = #{id,jdbcType=INTEGER}
  </update>
</mapper>