<?xml version="1.0" encoding="UTF-8" ?>
<!DOCTYPE mapper PUBLIC "-//mybatis.org//DTD Mapper 3.0//EN" "http://mybatis.org/dtd/mybatis-3-mapper.dtd" >
<mapper namespace="Demo.mapper.SalaryDetailMapper" >
  <resultMap id="BaseResultMap" type="Demo.model.SalaryDetail" >
    <!--
      WARNING - @mbggenerated
      This element is automatically generated by MyBatis Generator, do not modify.
      This element was generated on Sun Aug 04 16:28:14 CST 2019.
    -->
    <id column="id" property="id" jdbcType="VARCHAR" />
    <result column="total_salary" property="totalSalary" jdbcType="DECIMAL" />
    <result column="social_salary" property="socialSalary" jdbcType="DECIMAL" />
    <result column="house_salary" property="houseSalary" jdbcType="DECIMAL" />
    <result column="tax" property="tax" jdbcType="DECIMAL" />
    <result column="basic_salary" property="basicSalary" jdbcType="DECIMAL" />
    <result column="reward_money" property="rewardMoney" jdbcType="DECIMAL" />
    <result column="punish_money" property="punishMoney" jdbcType="DECIMAL" />
    <result column="help_money" property="helpMoney" jdbcType="DECIMAL" />
    <result column="actual_money" property="actualMoney" jdbcType="DECIMAL" />
    <result column="emp_id" property="empId" jdbcType="INTEGER" />
    <result column="salary_date" property="salaryDate" jdbcType="TIMESTAMP" />
  </resultMap>
  <sql id="Example_Where_Clause" >
    <!--
      WARNING - @mbggenerated
      This element is automatically generated by MyBatis Generator, do not modify.
      This element was generated on Sun Aug 04 16:28:14 CST 2019.
    -->
    <where >
      <foreach collection="oredCriteria" item="criteria" separator="or" >
        <if test="criteria.valid" >
          <trim prefix="(" suffix=")" prefixOverrides="and" >
            <foreach collection="criteria.criteria" item="criterion" >
              <choose >
                <when test="criterion.noValue" >
                  and ${criterion.condition}
                </when>
                <when test="criterion.singleValue" >
                  and ${criterion.condition} #{criterion.value}
                </when>
                <when test="criterion.betweenValue" >
                  and ${criterion.condition} #{criterion.value} and #{criterion.secondValue}
                </when>
                <when test="criterion.listValue" >
                  and ${criterion.condition}
                  <foreach collection="criterion.value" item="listItem" open="(" close=")" separator="," >
                    #{listItem}
                  </foreach>
                </when>
              </choose>
            </foreach>
          </trim>
        </if>
      </foreach>
    </where>
  </sql>
  <sql id="Update_By_Example_Where_Clause" >
    <!--
      WARNING - @mbggenerated
      This element is automatically generated by MyBatis Generator, do not modify.
      This element was generated on Sun Aug 04 16:28:14 CST 2019.
    -->
    <where >
      <foreach collection="example.oredCriteria" item="criteria" separator="or" >
        <if test="criteria.valid" >
          <trim prefix="(" suffix=")" prefixOverrides="and" >
            <foreach collection="criteria.criteria" item="criterion" >
              <choose >
                <when test="criterion.noValue" >
                  and ${criterion.condition}
                </when>
                <when test="criterion.singleValue" >
                  and ${criterion.condition} #{criterion.value}
                </when>
                <when test="criterion.betweenValue" >
                  and ${criterion.condition} #{criterion.value} and #{criterion.secondValue}
                </when>
                <when test="criterion.listValue" >
                  and ${criterion.condition}
                  <foreach collection="criterion.value" item="listItem" open="(" close=")" separator="," >
                    #{listItem}
                  </foreach>
                </when>
              </choose>
            </foreach>
          </trim>
        </if>
      </foreach>
    </where>
  </sql>
  <sql id="Base_Column_List" >
    <!--
      WARNING - @mbggenerated
      This element is automatically generated by MyBatis Generator, do not modify.
      This element was generated on Sun Aug 04 16:28:14 CST 2019.
    -->
    id, total_salary, social_salary, house_salary, tax, basic_salary, reward_money, punish_money, 
    help_money, actual_money, emp_id, salary_date
  </sql>
  <select id="selectByExample" resultMap="BaseResultMap" parameterType="Demo.model.SalaryDetailExample" >
    <!--
      WARNING - @mbggenerated
      This element is automatically generated by MyBatis Generator, do not modify.
      This element was generated on Sun Aug 04 16:28:14 CST 2019.
    -->
    select
    <if test="distinct" >
      distinct
    </if>
    <include refid="Base_Column_List" />
    from t_salary_detail
    <if test="_parameter != null" >
      <include refid="Example_Where_Clause" />
    </if>
    <if test="orderByClause != null" >
      order by ${orderByClause}
    </if>
  </select>
  <select id="selectByPrimaryKey" resultMap="BaseResultMap" parameterType="java.lang.String" >
    <!--
      WARNING - @mbggenerated
      This element is automatically generated by MyBatis Generator, do not modify.
      This element was generated on Sun Aug 04 16:28:14 CST 2019.
    -->
    select 
    <include refid="Base_Column_List" />
    from t_salary_detail
    where id = #{id,jdbcType=VARCHAR}
  </select>
  <delete id="deleteByPrimaryKey" parameterType="java.lang.String" >
    <!--
      WARNING - @mbggenerated
      This element is automatically generated by MyBatis Generator, do not modify.
      This element was generated on Sun Aug 04 16:28:14 CST 2019.
    -->
    delete from t_salary_detail
    where id = #{id,jdbcType=VARCHAR}
  </delete>
  <delete id="deleteByExample" parameterType="Demo.model.SalaryDetailExample" >
    <!--
      WARNING - @mbggenerated
      This element is automatically generated by MyBatis Generator, do not modify.
      This element was generated on Sun Aug 04 16:28:14 CST 2019.
    -->
    delete from t_salary_detail
    <if test="_parameter != null" >
      <include refid="Example_Where_Clause" />
    </if>
  </delete>
  <insert id="insert" parameterType="Demo.model.SalaryDetail" >
    <!--
      WARNING - @mbggenerated
      This element is automatically generated by MyBatis Generator, do not modify.
      This element was generated on Sun Aug 04 16:28:14 CST 2019.
    -->
    insert into t_salary_detail (id, total_salary, social_salary, 
      house_salary, tax, basic_salary, 
      reward_money, punish_money, help_money, 
      actual_money, emp_id, salary_date
      )
    values (#{id,jdbcType=VARCHAR}, #{totalSalary,jdbcType=DECIMAL}, #{socialSalary,jdbcType=DECIMAL}, 
      #{houseSalary,jdbcType=DECIMAL}, #{tax,jdbcType=DECIMAL}, #{basicSalary,jdbcType=DECIMAL}, 
      #{rewardMoney,jdbcType=DECIMAL}, #{punishMoney,jdbcType=DECIMAL}, #{helpMoney,jdbcType=DECIMAL}, 
      #{actualMoney,jdbcType=DECIMAL}, #{empId,jdbcType=INTEGER}, #{salaryDate,jdbcType=TIMESTAMP}
      )
  </insert>
  <insert id="insertSelective" parameterType="Demo.model.SalaryDetail" >
    <!--
      WARNING - @mbggenerated
      This element is automatically generated by MyBatis Generator, do not modify.
      This element was generated on Sun Aug 04 16:28:14 CST 2019.
    -->
    insert into t_salary_detail
    <trim prefix="(" suffix=")" suffixOverrides="," >
      <if test="id != null" >
        id,
      </if>
      <if test="totalSalary != null" >
        total_salary,
      </if>
      <if test="socialSalary != null" >
        social_salary,
      </if>
      <if test="houseSalary != null" >
        house_salary,
      </if>
      <if test="tax != null" >
        tax,
      </if>
      <if test="basicSalary != null" >
        basic_salary,
      </if>
      <if test="rewardMoney != null" >
        reward_money,
      </if>
      <if test="punishMoney != null" >
        punish_money,
      </if>
      <if test="helpMoney != null" >
        help_money,
      </if>
      <if test="actualMoney != null" >
        actual_money,
      </if>
      <if test="empId != null" >
        emp_id,
      </if>
      <if test="salaryDate != null" >
        salary_date,
      </if>
    </trim>
    <trim prefix="values (" suffix=")" suffixOverrides="," >
      <if test="id != null" >
        #{id,jdbcType=VARCHAR},
      </if>
      <if test="totalSalary != null" >
        #{totalSalary,jdbcType=DECIMAL},
      </if>
      <if test="socialSalary != null" >
        #{socialSalary,jdbcType=DECIMAL},
      </if>
      <if test="houseSalary != null" >
        #{houseSalary,jdbcType=DECIMAL},
      </if>
      <if test="tax != null" >
        #{tax,jdbcType=DECIMAL},
      </if>
      <if test="basicSalary != null" >
        #{basicSalary,jdbcType=DECIMAL},
      </if>
      <if test="rewardMoney != null" >
        #{rewardMoney,jdbcType=DECIMAL},
      </if>
      <if test="punishMoney != null" >
        #{punishMoney,jdbcType=DECIMAL},
      </if>
      <if test="helpMoney != null" >
        #{helpMoney,jdbcType=DECIMAL},
      </if>
      <if test="actualMoney != null" >
        #{actualMoney,jdbcType=DECIMAL},
      </if>
      <if test="empId != null" >
        #{empId,jdbcType=INTEGER},
      </if>
      <if test="salaryDate != null" >
        #{salaryDate,jdbcType=TIMESTAMP},
      </if>
    </trim>
  </insert>
  <select id="countByExample" parameterType="Demo.model.SalaryDetailExample" resultType="java.lang.Integer" >
    <!--
      WARNING - @mbggenerated
      This element is automatically generated by MyBatis Generator, do not modify.
      This element was generated on Sun Aug 04 16:28:14 CST 2019.
    -->
    select count(*) from t_salary_detail
    <if test="_parameter != null" >
      <include refid="Example_Where_Clause" />
    </if>
  </select>
  <update id="updateByExampleSelective" parameterType="map" >
    <!--
      WARNING - @mbggenerated
      This element is automatically generated by MyBatis Generator, do not modify.
      This element was generated on Sun Aug 04 16:28:14 CST 2019.
    -->
    update t_salary_detail
    <set >
      <if test="record.id != null" >
        id = #{record.id,jdbcType=VARCHAR},
      </if>
      <if test="record.totalSalary != null" >
        total_salary = #{record.totalSalary,jdbcType=DECIMAL},
      </if>
      <if test="record.socialSalary != null" >
        social_salary = #{record.socialSalary,jdbcType=DECIMAL},
      </if>
      <if test="record.houseSalary != null" >
        house_salary = #{record.houseSalary,jdbcType=DECIMAL},
      </if>
      <if test="record.tax != null" >
        tax = #{record.tax,jdbcType=DECIMAL},
      </if>
      <if test="record.basicSalary != null" >
        basic_salary = #{record.basicSalary,jdbcType=DECIMAL},
      </if>
      <if test="record.rewardMoney != null" >
        reward_money = #{record.rewardMoney,jdbcType=DECIMAL},
      </if>
      <if test="record.punishMoney != null" >
        punish_money = #{record.punishMoney,jdbcType=DECIMAL},
      </if>
      <if test="record.helpMoney != null" >
        help_money = #{record.helpMoney,jdbcType=DECIMAL},
      </if>
      <if test="record.actualMoney != null" >
        actual_money = #{record.actualMoney,jdbcType=DECIMAL},
      </if>
      <if test="record.empId != null" >
        emp_id = #{record.empId,jdbcType=INTEGER},
      </if>
      <if test="record.salaryDate != null" >
        salary_date = #{record.salaryDate,jdbcType=TIMESTAMP},
      </if>
    </set>
    <if test="_parameter != null" >
      <include refid="Update_By_Example_Where_Clause" />
    </if>
  </update>
  <update id="updateByExample" parameterType="map" >
    <!--
      WARNING - @mbggenerated
      This element is automatically generated by MyBatis Generator, do not modify.
      This element was generated on Sun Aug 04 16:28:14 CST 2019.
    -->
    update t_salary_detail
    set id = #{record.id,jdbcType=VARCHAR},
      total_salary = #{record.totalSalary,jdbcType=DECIMAL},
      social_salary = #{record.socialSalary,jdbcType=DECIMAL},
      house_salary = #{record.houseSalary,jdbcType=DECIMAL},
      tax = #{record.tax,jdbcType=DECIMAL},
      basic_salary = #{record.basicSalary,jdbcType=DECIMAL},
      reward_money = #{record.rewardMoney,jdbcType=DECIMAL},
      punish_money = #{record.punishMoney,jdbcType=DECIMAL},
      help_money = #{record.helpMoney,jdbcType=DECIMAL},
      actual_money = #{record.actualMoney,jdbcType=DECIMAL},
      emp_id = #{record.empId,jdbcType=INTEGER},
      salary_date = #{record.salaryDate,jdbcType=TIMESTAMP}
    <if test="_parameter != null" >
      <include refid="Update_By_Example_Where_Clause" />
    </if>
  </update>
  <update id="updateByPrimaryKeySelective" parameterType="Demo.model.SalaryDetail" >
    <!--
      WARNING - @mbggenerated
      This element is automatically generated by MyBatis Generator, do not modify.
      This element was generated on Sun Aug 04 16:28:14 CST 2019.
    -->
    update t_salary_detail
    <set >
      <if test="totalSalary != null" >
        total_salary = #{totalSalary,jdbcType=DECIMAL},
      </if>
      <if test="socialSalary != null" >
        social_salary = #{socialSalary,jdbcType=DECIMAL},
      </if>
      <if test="houseSalary != null" >
        house_salary = #{houseSalary,jdbcType=DECIMAL},
      </if>
      <if test="tax != null" >
        tax = #{tax,jdbcType=DECIMAL},
      </if>
      <if test="basicSalary != null" >
        basic_salary = #{basicSalary,jdbcType=DECIMAL},
      </if>
      <if test="rewardMoney != null" >
        reward_money = #{rewardMoney,jdbcType=DECIMAL},
      </if>
      <if test="punishMoney != null" >
        punish_money = #{punishMoney,jdbcType=DECIMAL},
      </if>
      <if test="helpMoney != null" >
        help_money = #{helpMoney,jdbcType=DECIMAL},
      </if>
      <if test="actualMoney != null" >
        actual_money = #{actualMoney,jdbcType=DECIMAL},
      </if>
      <if test="empId != null" >
        emp_id = #{empId,jdbcType=INTEGER},
      </if>
      <if test="salaryDate != null" >
        salary_date = #{salaryDate,jdbcType=TIMESTAMP},
      </if>
    </set>
    where id = #{id,jdbcType=VARCHAR}
  </update>
  <update id="updateByPrimaryKey" parameterType="Demo.model.SalaryDetail" >
    <!--
      WARNING - @mbggenerated
      This element is automatically generated by MyBatis Generator, do not modify.
      This element was generated on Sun Aug 04 16:28:14 CST 2019.
    -->
    update t_salary_detail
    set total_salary = #{totalSalary,jdbcType=DECIMAL},
      social_salary = #{socialSalary,jdbcType=DECIMAL},
      house_salary = #{houseSalary,jdbcType=DECIMAL},
      tax = #{tax,jdbcType=DECIMAL},
      basic_salary = #{basicSalary,jdbcType=DECIMAL},
      reward_money = #{rewardMoney,jdbcType=DECIMAL},
      punish_money = #{punishMoney,jdbcType=DECIMAL},
      help_money = #{helpMoney,jdbcType=DECIMAL},
      actual_money = #{actualMoney,jdbcType=DECIMAL},
      emp_id = #{empId,jdbcType=INTEGER},
      salary_date = #{salaryDate,jdbcType=TIMESTAMP}
    where id = #{id,jdbcType=VARCHAR}
  </update>
</mapper>